,token
0,абортмахер
1,анал
2,анус
3,армячок
4,архамудия
5,архипиздрита
6,афедрон
7,ахунехий
8,аху-хунехо-хий
9,барать
10,бараться
11,бардача
12,бднуть
13,бдун
14,бдыкатя
15,бдюхий
16,бедкий
17,безжопай
18,безмудый
19,безпиздёжить
20,беспиздая
21,бессекельный
22,бздение
23,бздеть
24,бздех
25,бздея
26,бздительность
27,бикс
28,блядвый
29,блядех
30,блядина
31,блядистка
32,блядище
33,блядка
34,блядование
35,блядовать
36,блядовитый
37,блядовозка
38,блядолиз
39,блядоход
40,блядский
41,блядствовать
42,блядство
43,блядун
44,блядьмо
45,блядь
46,блядюг
47,блядюр
48,блядюшка
49,блядюшник
50,бля
51,бордельный
52,бублить
53,булёд
54,бульза
55,буфер
56,буферастый
57,варзуха
58,вафлёрш
59,вафлист
60,вёбануй
61,вжопить
62,вжопиться
63,вздрачивание
64,вздрачивать
65,вздрачиваться
66,вздрочить
67,вздрочиться
68,вздрючивание
69,вздрючивать
70,вздрючить
71,взъебнуть
72,взъёбка
73,взъёбщик
74,взятьзамягкоеместо
75,влындить
76,вмандить
77,вмандиться
78,вмандохать
79,вмандохаться
80,вмандохивать
81,вмандохиваться
82,вмандошивать
83,вмандошиваться
84,вмандошить
85,вмандошиться
86,вмандюривать
87,вмандюриваться
88,вмандюрить
89,вмандюриться
90,вмандякать
91,вмандякаться
92,вмандякивать
93,вмандякиваться
94,вмандяривать
95,вмандяриваться
96,вмандярить
97,вмандяриться
98,вмандяхать
99,вмандяхаться
100,вмандяхивать
101,вмандяхиваться
102,вмандячивать
103,вмандячиваться
104,вмандячить
105,вмандячиться
106,вмандяшивать
107,вмандяшиваться
108,вмандяшить
109,вмандяшиться
110,вмудохаться
111,вмудохивать
112,вмудохиваться
113,впендюривать
114,впендюрить
115,впиздить
116,впиздиться
117,впиздохать
118,впиздохаться
119,впиздохивать
120,впиздохиваться
121,впиздошибаться
122,впиздошивать
123,впиздошить
124,впиздошиться
125,впиздронивать
126,впиздрониваться
127,впиздронить
128,впиздрониться
129,впизда
130,впиздюливать
131,впиздюливаться
132,впиздюлить
133,впиздюлиться
134,впиздюривать
135,впиздюриваться
136,впиздюрить
137,впиздюриться
138,впиздякать
139,впиздякивать
140,впиздякиваться
141,впиздякнуть
142,впиздяривать
143,впиздяриваться
144,впиздярить
145,впиздяхать
146,впиздяхаться
147,впиздяхивать
148,впиздяхиваться
149,впиздячивать
150,впиздячиваться
151,впиздячить
152,впиздячиться
153,впиздяшивать
154,впиздяшиваться
155,впиздяшить
156,впиздяшиться
157,впизживать
158,впизживаться
159,впичуживать
160,впичуживаться
161,впичужить
162,впичужиться
163,всекелить
164,всекелиться
165,всекелять
166,всекеляться
167,всконаёбить
168,всконаёбиться
169,всконаёбывать
170,всконаёбываться
171,вхуйнуть
172,вхуйнуться
173,вхуякать
174,вхуякаться
175,вхуякивание
176,вхуякивать
177,вхуякиваться
178,вхуякнуть
179,вхуякнуться
180,вхуяривание
181,вхуяривать
182,вхуяриваться
183,вхуярить
184,вхуяриться
185,вхуячивание
186,вхуячивать
187,вхуячиваться
188,вхуячить
189,вхуячиться
190,вхуяшивать
191,вхуяшиваться
192,вхуяшить
193,вхуяшиться
194,въебать
195,въебаться
196,въебашивать
197,въебашиваться
198,въебашить
199,въебашиться
200,въебенивать
201,въебениваться
202,въебенить
203,въебениться
204,въебёхать
205,въебёхаться
206,въебёхивать
207,въебёхиваться
208,въебуривать
209,въебуриваться
210,въебурить
211,въебуриться
212,въебывание
213,въебывать
214,въебываться
215,въябывать
216,выблядок
217,выдрачивание
218,выдрачивать
219,выдрачиваться
220,выдрочить
221,выдрочиться
222,выдрючивание
223,выдрючивать
224,выдрючиваться
225,выдрючить
226,выдрючиться
227,выебанный
228,выебать
229,выебаться
230,выебенивать
231,выебениваться
232,выебенить
233,выебениться
234,выебёхивание
235,выебёхивать
236,выебёхиваться
237,выебнуть
238,выебнуться
239,выебон
240,выебонщик
241,выеть
242,выёбистый
243,выёбывание
244,выёбывать
245,выёбываться
246,выжопить
247,выжопывать
248,вымавдошиваться
249,вымандить
250,вымандиться
251,вымандовать
252,вымандоваться
253,вымандовывание
254,вымандовывать
255,вымандовываться
256,вымандохать
257,вымандохаться
258,вымандохивание
259,вымандохивать
260,вымандохиваться
261,вымандошивание
262,вымандошивать
263,вымандошиваться
264,вымандошить
265,вымандюливание
266,вымандюливать
267,вымандюливаться
268,вымандюлить
269,вымандюлиться
270,вымандюривание
271,вымандюривать
272,вымандюриваться
273,вымандюрить
274,вымандюриться
275,вымандякать
276,вымандякаться
277,вымандякивание
278,вымандякивать
279,вымандякиваться
280,вымандяривание
281,вымандяривать
282,вымандяриваться
283,вымандярить
284,вымандяриться
285,вымандяхать
286,вымандяхаться
287,вымандяхивание
288,вымандяхивать
289,вымандяхиваться
290,вымандячивание
291,вымандячивать
292,вымандячиваться
293,вымандячить
294,вымандячиться
295,выпиздить
296,выпиздиться
297,выпиздовать
298,выпиздоваться
299,выпиздовывание
300,выпиздовывать
301,выпиздовываться
302,выпиздохать
303,выпиздохаться
304,выпиздохивание
305,выпиздохивовать
306,выпиздохивоваться
307,выпиздошивание
308,выпиздошивать
309,выпиздошиваться
310,выпиздошить
311,выпиздошиться
312,выпиздюливание
313,выпиздюливать
314,выпиздюливаться
315,выпиздюлить
316,выпиздюлиться
317,выпиздюривание
318,выпиздюривать
319,выпиздюриваться
320,выпиздюрить
321,выпиздюриться
322,выпиздякать
323,выпиздякаться
324,выпиздякивание
325,выпиздякивать
326,выпиздякиваться
327,выпиздяривание
328,выпиздяривать
329,выпиздярить
330,выпиздяриться
331,выпиздяхать
332,выпиздяхаться
333,выпиздяхивание
334,выпиздяхивать
335,выпиздяхиваться
336,выпиздячивание
337,выпиздячивать
338,выпиздячиваться
339,выпиздячить
340,выпиздячиться
341,выпиздяшивание
342,выпиздяшивать
343,выпиздяшиваться
344,выпиздяшить
345,выпиздяшиться
346,выпичуживание
347,выпичуживать
348,выпичуживаться
349,выпичужить
350,выпичужиться
351,высекелять
352,высекеляться
353,высераться
354,высикать
355,высикаться
356,высикивать
357,высикиваться
358,выснашивать
359,выснашиваться
360,высношать
361,высношаться
362,высрать
363,высраться
364,выссать
365,выссаться
366,выссереть
367,выссывать
368,выссываться
369,вытрахать
370,вытрахаться
371,вытрахивать
372,вытрахиваться
373,выхариваться
374,выхарить
375,выхуякать
376,выхуякаться
377,выхуякивание
378,выхуякивать
379,выхуякиваться
380,выхуяривание
381,выхуяривать
382,выхуяриваться
383,выхуярить
384,выхуяриться
385,выхуячивание
386,выхуячивать
387,выхуячиваться
388,выхуячить
389,выхуячиться
390,глиномес
391,гниломудый
392,говить
393,говнецо
394,говнистый
395,говниться
396,говновоз
397,говнодать
398,говноед
399,говноести
400,говномер
401,говномес
402,говно
403,говносерка
404,говнюк
405,говнякаться
406,говняный
407,голожопать
408,голощёлка
409,гомик
410,гомосечь
411,гондон
412,грёбаный
413,гузноести
414,гузнотереть
415,гумозник
416,давалка
417,давах
418,датьпизда
419,двужопник
420,двуснастный
421,девство
422,дерьмовый
423,дерьмоед
424,дерьмо
425,дилдый
426,добиздоболить
427,довыебывать
428,довыебываться
429,додик
430,додрочить
431,додрочиться
432,доебать
433,доебаться
434,доебенивать
435,доебениваться
436,доебенить
437,доебениться
438,доебени-феня
439,доебёхать
440,доебёхаться
441,доебёхивать
442,доебёхиваться
443,доебёшивать
444,доебёшиваться
445,доебёшить
446,доебёшиться
447,доебуривать
448,доебуриваться
449,доебурить
450,доебуриться
451,доёбывать
452,доёбываться
453,доёныйбык
454,дожопа
455,дойка
456,долбаный
457,долбёжка
458,долбоести
459,долданья
460,долдать
461,долдаться
462,домандить
463,домандиться
464,домандовать
465,домандоваться
466,домандовывать
467,домандовываться
468,домандохать
469,домандохаться
470,домандохивать
471,домандохиваться
472,домандюкатя
473,домандюкаться
474,домандюкивать
475,домандюкиваться
476,домандюливать
477,домандюливаться
478,домандюлить
479,домандюлиться
480,домандюривать
481,домандюриваться
482,домандюрить
483,домандюриться
484,домандякать
485,домандякаться
486,домандякивать
487,домандякиваться
488,домандяривать
489,домандяриваться
490,домандярить
491,домандяриться
492,домандяхать
493,домандяхаться
494,домандяхивать
495,домандяхиваться
496,домандячивать
497,домандячиваться
498,домандячить
499,домандячиться
500,домудохать
501,домудохаться
502,домудохивать
503,домудохиваться
504,допиздить
505,допиздиться
506,допиздоболивать
507,допиздоболиваться
508,допиздоболиться
509,допиздовать
510,допиздоваться
511,допиздовывать
512,допиздовываться
513,допиздохать
514,допиздохаться
515,допиздохивать
516,допиздохиваться
517,допиздошивать
518,допиздошиваться
519,допиздошить
520,допиздошиться
521,допизда
522,допиздюкатя
523,допиздюкаться
524,допиздюкивать
525,допиздюкиваться
526,допиздюливать
527,допиздюливаться
528,допиздюлить
529,допиздюлиться
530,допиздюривать
531,допиздюриваться
532,допиздюрить
533,допиздюриться
534,допиздюхать
535,допиздюхаться
536,допиздюхивать
537,допиздюхиваться
538,допиздякать
539,допиздякаться
540,допиздякивать
541,допиздякиваться
542,допиздяривать
543,допиздяриваться
544,допиздярить
545,допиздяриться
546,допиздяхать
547,допиздяхаться
548,допиздяхивать
549,допиздяхиваться
550,допиздячивать
551,допиздячиваться
552,допиздячить
553,допиздячиться
554,допиздяшивать
555,допиздяшиваться
556,допиздяшить
557,допиздяшиться
558,допизживать
559,доппаешница
560,досасывать
561,досасываться
562,досеколиться
563,досикать
564,досикаться
565,досикивать
566,досирать
567,доснашивать
568,доснашиваться
569,досношать
570,досношаться
571,дососать
572,дососаться
573,досрать
574,досраться
575,доссать
576,доссаться
577,доссывать
578,дотрахать
579,дотрахаться
580,доусера
581,доусрачок
582,дохер
583,дохуйнуть
584,дохуяибольше
585,дохуякать
586,дохуякаться
587,дохуякивать
588,дохуякиваться
589,дохуяривать
590,дохуяриваться
591,дохуярить
592,дохуяриться
593,дохуй
594,дохуячивать
595,дохуячиваться
596,дохуячить
597,дохуячиться
598,дриснить
599,дристать
600,дристун
601,дрочение
602,дрочилыцик
603,дрочить
604,дрочиться
605,дрочко
606,дрын
607,дрючить
608,дрючиться
609,дрючок
610,дуплиться
611,дуроести
612,ебак
613,ебало
614,ебальник
615,ебальныегода
616,ебальныйстанка
617,ебанатик
618,ебанашка
619,ебануть
620,ебануться
621,ебаришко
622,ебаторий
623,ебать
624,ебаться
625,ебачить
626,ебельница
627,ебёнамать
628,ебёнть
629,ебивашумать
630,ебистик
631,ебистос
632,естись
633,ебитвашу
634,ебиться
635,ебитскаясить
636,ебическаясить
637,еблематик
638,ебло
639,ебливщина
640,ебливыя
641,ебломщёлкать
642,ести
643,еблысить
644,ебль
645,еблясперископ
646,ебляспляска
647,ебнуть
648,ебнуться
649,ебень
650,ебот
651,еботина
652,еботня
653,ебство
654,ебти
655,ебукентий
656,ебуна
657,ебур
658,ебутвашу
659,ебучийкозёл
660,едрёнавошь
661,едрёный-зелёный
662,едрёна-корень
663,едрёнакорень
664,едрёный-матрёный
665,едрёнаматрёный
666,едрёный
667,едрижтвоювбабушка
668,едритвоюзаног
669,едритвоюмать
670,едрить
671,едритявкорень
672,елдак
673,елд
674,елдыкатя
675,елдыкнуть
676,есика
677,етиегомать
678,етиихмать
679,етися
680,етие
681,еть
682,еться
683,ёбанныйпокумпол
684,ёбанный
685,ёбаныйстос
686,ёбарь
687,ёбвашумать
688,ёбкай
689,ёбнуть
690,ёбс
691,живоглотка
692,жирех
693,жирнозадый
694,жмокнуть
695,жмур
696,жопа
697,жопастая
698,жопенция
699,жопенить
700,жопища
701,жопка
702,жопник
703,жопоести
704,жополизание
705,жополиз
706,жопоногий
707,жопочка
708,жопочник
709,жопство
710,жося
711,журлить
712,журло
713,журня
714,жучиться
715,забабах
716,забздеть
717,заблядовать
718,заблядоваться
719,заглот
720,задастый
721,задница
722,задрачивать
723,задрачиваться
724,задрипать
725,задрипа
726,задрочить
727,задрочиться
728,зад
729,задрючить
730,задрючиться
731,заебанный
732,заебательский
733,заебатьмозги
734,заебатьнаховать
735,заебать
736,заебаться
737,заебашивать
738,заебашиваться
739,заебашить
740,заебашиться
741,заебенивать
742,заебениваться
743,заебенить
744,заебениться
745,заебеня
746,заебёхать
747,заебёхаться
748,заебёхивать
749,заебёхиваться
750,заебисьонвротивжопа
751,заестись
752,заебисьтывдоска
753,заебисьтывротивжопа
754,заебитесьвывротивжопа
755,заебический
756,заебулин
757,заебуривать
758,заебуриваться
759,заебурить
760,заёбагрешный
761,заёба
762,заёбин
763,заёбистый
764,заести
765,заёбыватьмозги
766,заёбывать
767,заёбываться
768,заёбышать
769,зажопить
770,зажопиться
771,закакать
772,закакаться
773,закакивать
774,закакиваться
775,закозлить
776,заколебать
777,заколебаться
778,заколупать
779,заколупаться
780,закосоёбить
781,закосоёбиться
782,закосоёбывать
783,закосоёбываться
784,залазить
785,залудить
786,залупа
787,залупаться
788,залупенить
789,залупистый
790,залупить
791,залупляться
792,замандалиться
793,замандить
794,замандиться
795,замандовать
796,замандоваться
797,замандовывать
798,замандовываться
799,замандохать
800,замандохаться
801,замандохивать
802,замандохиваться
803,замандошивать
804,замандошиваться
805,замандошить
806,замандошиться
807,замандюкатя
808,замандюкаться
809,замандюкивать
810,замандюкиваться
811,замандюливать
812,замандюливаться
813,замандюлить
814,замандюлиться
815,замандюривать
816,замандюриваться
817,замандюрить
818,замандюриться
819,замандякать
820,замандякаться
821,замандякивать
822,замандякиваться
823,замандяривать
824,замандяриваться
825,замандярить
826,замандяриться
827,замандяхать
828,замандяхаться
829,замандяхивать
830,замандяхиваться
831,замандячивать
832,замандячиваться
833,замандячить
834,замандячиться
835,замандяшивать
836,замандяшиваться
837,замандяшить
838,замандяшиться
839,замондить
840,замудить
841,замудиться
842,замудохать
843,замудохаться
844,замудохивать
845,замудохиваться
846,запендрякать
847,запендрякивать
848,запендрячивать
849,запендрячить
850,запендрячиться
851,запендряшивать
852,запендряшиваться
853,запендряшить
854,запендряшиться
855,запендюривать
856,запендюриваться
857,запендюрить
858,запендюриться
859,запердеть
860,запиздарить
861,запизденелый
862,запизденной
863,запиздить
864,запиздиться
865,запиздоболивать
866,запиздоболиваться
867,запиздоболить
868,запиздоболиться
869,запиздовать
870,запиздоваться
871,запиздовывать
872,запиздовываться
873,запиздохать
874,запиздошивать
875,запиздошиваться
876,запиздошить
877,запиздошиться
878,запиздюкатя
879,запиздюкаться
880,запиздюкивать
881,запиздюкиваться
882,запиздюливать
883,запиздюливаться
884,запиздюлить
885,запиздюлиться
886,запиздюривать
887,запиздюриваться
888,запиздюрить
889,запиздюриться
890,запиздюхать
891,запиздюхаться
892,запиздюхивать
893,запиздюхиваться
894,запиздючивать
895,запиздючиваться
896,запиздючить
897,запиздючиться
898,запиздякать
899,запиздякаться
900,запиздякивать
901,запиздякиваться
902,запиздяривать
903,запиздяриваться
904,запиздярить
905,запиздяриться
906,запиздяхать
907,запиздяхаться
908,запиздяхивать
909,запиздяхиваться
910,запиздячивать
911,запиздячиваться
912,запиздячить
913,запиздячиться
914,запиздяшивать
915,запиздяшиваться
916,запиздяшить
917,запиздяшиться
918,запизживать
919,запизживаться
920,запичужить
921,запичужиться
922,запридух
923,запузырить
924,засадить
925,засаживать
926,засандалить
927,засеколить
928,засеколиться
929,засеривать
930,засериваться
931,засерить
932,засигарить
933,засикать
934,засикаться
935,засикивать
936,засикиваться
937,засирать
938,засираться
939,заснашивать
940,заснашиваться
941,засношать
942,засношаться
943,засопливеть
944,засосать
945,засосаться
946,засос
947,засранец
948,засранка
949,засрать
950,засратый
951,засраться
952,зассать
953,зассаться
954,зассывать
955,зассываться
956,зассыкатя
957,зассых
958,затрахать
959,затрахаться
960,затрахивать
961,затрахиваться
962,затрухать
963,затруха
964,затрухаться
965,затрухивать
966,затрухиваться
967,захачивать
968,захачиваться
969,захерачивать
970,захерачиваться
971,захерачить
972,захерачиться
973,захероветь
974,захреначивать
975,захреначиваться
976,захреначить
977,захреначиться
978,захреноветь
979,захуить
980,захуйнуть
981,захуйнуться
982,захуякать
983,захуякаться
984,захуякивать
985,захуякиваться
986,захуяривать
987,захуяриваться
988,захуярить
989,захуяриться
990,захуячивать
991,захуячиваться
992,захуячить
993,захуячиться
994,захуяшивать
995,захуяшиваться
996,захуяшить
997,захуяшиться
998,зашпандорить
999,зашпундоривать
1000,здительный
1001,здюмый
1002,злоебучий
1003,зозуля
1004,зоофилия
1005,зоофил
1006,зудить
1007,извращенец
1008,извыёбываться
1009,издрочиться
1010,измандить
1011,измандиться
1012,измандовать
1013,измандоваться
1014,измандовывать
1015,измандовываться
1016,измандохать
1017,измандохаться
1018,измандохивать
1019,измандохиваться
1020,измандошибаться
1021,измандошивать
1022,измандошить
1023,измандошиться
1024,измандюкать
1025,измандюкаться
1026,измандюкивать
1027,измандюкиваться
1028,измандюливать
1029,измандюливаться
1030,измандюлить
1031,измандюлиться
1032,измандюривать
1033,измандюриваться
1034,измандюрить
1035,измандюриться
1036,измандякать
1037,измандякаться
1038,измандякивать
1039,измандякиваться
1040,измандяривать
1041,измандяриваться
1042,измандярить
1043,измандяриться
1044,измандяхать
1045,измандяхаться
1046,измандяхивать
1047,измандяхиваться
1048,измандячивать
1049,измандячиваться
1050,измандячить
1051,измандячиться
1052,измандяшивать
1053,измандяшиваться
1054,измандяшить
1055,измандяшиться
1056,изматерить
1057,изматериться
1058,измудить
1059,измудиться
1060,измудохать
1061,измудохаться
1062,измудохивать
1063,измудохиваться
1064,измутызгать
1065,изнасилование
1066,изнасиловать
1067,изобразитьдевуль
1068,изъебать
1069,изъебаться
1070,изъебашивать
1071,изъебашиваться
1072,изъебашить
1073,изъебашиться
1074,изъебенивать
1075,изъебениваться
1076,изъебенить
1077,изъебениться
1078,изъебехать
1079,изъебёхаться
1080,изъебуривать
1081,изъебуриваться
1082,изъебурить
1083,изъебуриться
1084,испиздеться
1085,испиздить
1086,испиздиться
1087,испиздовать
1088,испиздоваться
1089,испиздовывать
1090,испиздовываться
1091,испиздохать
1092,испиздохаться
1093,испиздохивать
1094,испиздохиваться
1095,испиздошивать
1096,испиздошиваться
1097,испиздошить
1098,испиздывать
1099,испиздываться
1100,испиздюкать
1101,испиздюкаться
1102,испиздюкивать
1103,испиздюкиваться
1104,испиздюливать
1105,испиздюливаться
1106,испиздюлить
1107,испиздюлиться
1108,испиздюривать
1109,испиздюриваться
1110,испиздюрить
1111,испиздюриться
1112,испиздюхать
1113,испиздюхаться
1114,испиздюхивать
1115,испиздюхиваться
1116,испиздякать
1117,испиздякаться
1118,испиздякивать
1119,испиздякиваться
1120,испиздяривать
1121,испиздяриваться
1122,испиздярить
1123,испиздяриться
1124,испиздяхать
1125,испиздяхаться
1126,испиздяхивать
1127,испиздяхиваться
1128,испиздячивать
1129,испиздячиваться
1130,испиздячить
1131,испиздячиться
1132,испиздяшивать
1133,испиздяшиваться
1134,испиздяшить
1135,испиздяшиться
1136,испражнение
1137,испражняться
1138,иссасывать
1139,иссасываться
1140,иссеколиться
1141,исснашивать
1142,исснашиваться
1143,иссношать
1144,иссношаться
1145,иссосаный
1146,иссосать
1147,иссосаться
1148,исстрахивать
1149,исстрахиваться
1150,истрахать
1151,истрахаться
1152,исхуякать
1153,исхуякаться
1154,исхуякивать
1155,исхуякиваться
1156,исхуяривать
1157,исхуяриваться
1158,исхуярить
1159,исхуяриться
1160,исхуячивать
1161,исхуячиваться
1162,исхуячить
1163,исхуячиться
1164,исхуяшивать
1165,исхуяшиваться
1166,исхуяшить
1167,исхуяшиться
1168,йух
1169,какарушить
1170,кака
1171,какать
1172,какашка
1173,какогохер
1174,какогохрить
1175,кал
1176,кастрат
1177,кебёнематерь
1178,кебёнойматерь
1179,кедрёна-феня
1180,кедрёнойбабушка
1181,кедрёнойматерь
1182,кёбанойматерь
1183,кифирить
1184,кишкоправа
1185,клиторман
1186,клиторник
1187,клитор
1188,кнахта
1189,кобелить
1190,коблух
1191,ковырялка
1192,кодеш
1193,кокушка
1194,конаебиться
1195,коноебица
1196,косоёбить
1197,косоёбиться
1198,кривоссачок
1199,кривоссыкалка
1200,кривохуй
1201,крикуша
1202,кун
1203,кунок
1204,курва
1205,курвец
1206,курвиный
1207,курвяжиться
1208,курвяжище
1209,кустотерапия
1210,кутак
1211,лахудра
1212,летка-енка
1213,леф
1214,лизоблядство
1215,лохматка
1216,лындить
1217,лых
1218,лэк
1219,люэс
1220,лярва
1221,малофейка
1222,малофья
1223,мандавманда
1224,мандавоха
1225,мандавошка
1226,мандалин
1227,мандануть
1228,мандапротивный
1229,манда
1230,мандёжа
1231,мандец
1232,мандистый
1233,мандить
1234,мандиться
1235,мандоватый
1236,мандовать
1237,мандохать
1238,мандохаться
1239,мандохивать
1240,мандохиваться
1241,мандошивать
1242,мандошиваться
1243,мандошить
1244,мандошиться
1245,мандюживаться
1246,мандюкатя
1247,мандюкаться
1248,мандюкивать
1249,мандюк
1250,мандюливать
1251,мандюливаться
1252,мандюлить
1253,мандюлиться
1254,мандюривать
1255,мандюриваться
1256,мандюрить
1257,мандюриться
1258,мандякать
1259,мандякаться
1260,мандякивать
1261,мандякиваться
1262,мандякнуть
1263,мандякнуться
1264,мандяривать
1265,мандяриваться
1266,мандярить
1267,мандяриться
1268,мандяхать
1269,мандяхаться
1270,мандяхивать
1271,мандяхиваться
1272,мандячивать
1273,мандячиваться
1274,мандячий
1275,мандячить
1276,мандячиться
1277,мандяшивать
1278,мандяшиваться
1279,мандяшить
1280,мандяшиться
1281,маркоташка
1282,маркоташник
1283,маруха
1284,марушко
1285,маслобой
1286,маслобойщик
1287,мастевыя
1288,мастурбатор
1289,матьвашуести
1290,матьеёперемать
1291,мать-перемать
1292,матьтвоювпизд
1293,матьтвоюедрить
1294,матьтвоюести
1295,матьтвоюрастак
1296,матьтвоюуести
1297,матюгать
1298,матюгнуться
1299,матюг
1300,матюк
1301,матюкнуться
1302,махалка
1303,менж
1304,менжеваться
1305,мессалина
1306,минетделать
1307,минетить
1308,минетка
1309,минуть
1310,минетчик
1311,минетчица
1312,минж
1313,многостаночница
1314,мозгоебатель
1315,мозгоебать
1316,мозгоебок
1317,мозгоести
1318,мокрожопый
1319,мокропиздый
1320,моргалик
1321,мотовило
1322,мотылёк
1323,мохнатка
1324,мохнорылый
1325,мочиться
1326,мудак
1327,мудашвили
1328,муд
1329,мудик
1330,мудить
1331,мудильщик
1332,мудистый
1333,муднюразвести
1334,мудень
1335,мудоести
1336,мудозвон
1337,мудотяп
1338,мудотяпство
1339,мудофер
1340,мудофлутие
1341,мудохать
1342,мудохаться
1343,мудошлёп
1344,мудянка
1345,мудяшный
1346,набздеть
1347,наблядоваться
1348,надристать
1349,надрочить
1350,надрочивать
1351,надрочиться
1352,наебать
1353,наебаться
1354,наебнуть
1355,наебнуться
1356,наёбанный
1357,наёбка
1358,наёбщик
1359,наёбывать
1360,наёбываться
1361,наёбыш
1362,нажариваться
1363,накакать
1364,накакаться
1365,накакивать
1366,накакиваться
1367,накачивать
1368,накласть
1369,накойхрен
1370,намандить
1371,намандиться
1372,намандовать
1373,намандоваться
1374,намандовывать
1375,намандовываться
1376,намандохать
1377,намандохаться
1378,намандохивать
1379,намандохиваться
1380,намандошивать
1381,намандошиваться
1382,намандошить
1383,намандошиться
1384,намандюкать
1385,намандюкаться
1386,намандюкивать
1387,намандюкиваться
1388,намандюливать
1389,намандюливаться
1390,намандюлить
1391,намандюлиться
1392,намандюривать
1393,намандюриваться
1394,намандюрить
1395,намандюриться
1396,намандякать
1397,намандякаться
1398,намандякивать
1399,намандякиваться
1400,намандяривать
1401,намандяриваться
1402,намандярить
1403,намандяриться
1404,намандяхать
1405,намандяхаться
1406,намандяхивать
1407,намандяхиваться
1408,намандячивать
1409,намандячиваться
1410,намандячить
1411,намандячиться
1412,намандяшивать
1413,намандяшиваться
1414,намандяшить
1415,намандяшиться
1416,намудить
1417,намудиться
1418,намудохать
1419,намудохаться
1420,намудохивать
1421,намудохиваться
1422,напиздить
1423,напиздиться
1424,напиздник
1425,напиздоболивать
1426,напиздоболиваться
1427,напиздоболить
1428,напиздоболиться
1429,напиздовать
1430,напиздоваться
1431,напиздовывать
1432,напиздовываться
1433,напиздохать
1434,напиздохаться
1435,напиздохивать
1436,напиздохиваться
1437,напиздошивать
1438,напиздошиваться
1439,напиздошить
1440,напиздошиться
1441,напиздюкать
1442,напиздюкаться
1443,напиздюкивать
1444,напиздюкиваться
1445,напиздюливать
1446,напиздюливаться
1447,напиздюлить
1448,напиздюлиться
1449,напиздюривать
1450,напиздюриваться
1451,напиздюрить
1452,напиздюриться
1453,напиздюхать
1454,напиздюхаться
1455,напиздюхивать
1456,напиздюхиваться
1457,напиздякать
1458,напиздякаться
1459,напиздякивать
1460,напиздякиваться
1461,напиздяривать
1462,напиздяриваться
1463,напиздярить
1464,напиздяриться
1465,напиздяхать
1466,напиздяхаться
1467,напиздяхивать
1468,напиздяхиваться
1469,напиздячивать
1470,напиздячиваться
1471,напиздячить
1472,напиздячиться
1473,напиздяшивать
1474,напиздяшиваться
1475,напиздяшить
1476,напиздяшиться
1477,насаживать
1478,насасывать
1479,насасываться
1480,насеколиться
1481,насикать
1482,насикаться
1483,насирать
1484,насираться
1485,насношать
1486,насношаться
1487,наспаться
1488,насрать
1489,насраться
1490,нассать
1491,нассаться
1492,нассывать
1493,нассываться
1494,настоебенить
1495,насунуть
1496,натрахать
1497,натрахаться
1498,натрахивать
1499,натрахиваться
1500,натяг
1501,нафиг
1502,нахариус
1503,нахер
1504,нахрен
1505,нахренпосылать
1506,нахуякать
1507,нахуякаться
1508,нахуякивать
1509,нахуякиваться
1510,нахуяривать
1511,нахуяриваться
1512,нахуярить
1513,нахуяриться
1514,нахуй
1515,нахуячивать
1516,нахуячиваться
1517,нахуячить
1518,нахуячиться
1519,нахуяшивать
1520,нахуяшиваться
1521,нахуяшить
1522,нахуяшиться
1523,наябывать
1524,наябываться
1525,невстаниха
1526,недоёбанный
1527,неести
1528,неебущий
1529,ненаебный
1530,непиздить
1531,несри
1532,нессать
1533,нецензурщина
1534,нивпизда
1535,нифига
1536,нифигасеб
1537,нихер
1538,нихрен
1539,нихренасеб
1540,нихуй
1541,нихуясеб
1542,нищеебство
1543,обабить
1544,обдристать
1545,обдрочиться
1546,оберблядь
1547,обижёнка
1548,облиз
1549,облядовать
1550,облядоваться
1551,обмандить
1552,обмандиться
1553,обмандовать
1554,обмандоваться
1555,обмандовывать
1556,обмандовываться
1557,обмандохать
1558,обмандохаться
1559,обмандохивать
1560,обмандохиваться
1561,обмандошибаться
1562,обмандошивать
1563,обмандошить
1564,обмандошиться
1565,обмандюкать
1566,обмандюкаться
1567,обмандюкивать
1568,обмандюкиваться
1569,обмандюливать
1570,обмандюливаться
1571,обмандюлить
1572,обмандюлиться
1573,обмандюривать
1574,обмандюриваться
1575,обмандюрить
1576,обмандюриться
1577,обмандякать
1578,обмандякаться
1579,обмандякивать
1580,обмандякиваться
1581,обмандяривать
1582,обмандяриваться
1583,обмандярить
1584,обмандяриться
1585,обмандять
1586,обмандяхаться
1587,обмандяхивать
1588,обмандяхиваться
1589,обмандячивать
1590,обмандячиваться
1591,обмандячить
1592,обмандячиться
1593,обмандяшивать
1594,обмандяшиваться
1595,обмандяшить
1596,обмандяшиться
1597,обматюгать
1598,обматюгаться
1599,обматюгивать
1600,обматюгиваться
1601,обмочить
1602,обмочиться
1603,обмудить
1604,обмудиться
1605,обмудохать
1606,обмудохаться
1607,обмудохивать
1608,обмудохиваться
1609,обосранец
1610,обосрать
1611,обосраный
1612,обосраться
1613,обоссанец
1614,обоссаный
1615,обоссать
1616,обоссаться
1617,обоссывать
1618,обоссываться
1619,обпиздить
1620,обпиздиться
1621,обпиздоболивать
1622,обпиздоболиваться
1623,обпиздоболить
1624,обпиздоболиться
1625,обпиздовать
1626,обпиздоваться
1627,обпиздовывать
1628,обпиздовываться
1629,обпиздохать
1630,обпиздохаться
1631,обпиздохивать
1632,обпиздохиваться
1633,обпиздошивать
1634,обпиздошиваться
1635,обпиздошить
1636,обпиздошиться
1637,обпиздюкать
1638,обпиздюкаться
1639,обпиздюкивать
1640,обпиздюкиваться
1641,обпиздюливать
1642,обпиздюливаться
1643,обпиздюлить
1644,обпиздюлиться
1645,обпиздюривать
1646,обпиздюриваться
1647,обпиздюрить
1648,обпиздюриться
1649,обпиздякать
1650,обпиздякаться
1651,обпиздякивать
1652,обпиздякиваться
1653,обпиздяривать
1654,обпиздяриваться
1655,обпиздярить
1656,обпиздяриться
1657,обпиздяхать
1658,обпиздяхаться
1659,обпиздяхивать
1660,обпиздяхиваться
1661,обпиздячивать
1662,обпиздячиваться
1663,обпиздячить
1664,обпиздячиться
1665,обпиздяшивать
1666,обпиздяшиваться
1667,обпиздяшить
1668,обпиздяшиться
1669,обпизживать
1670,обпизживаться
1671,обписать
1672,обсасываться
1673,обсеменитьчухать
1674,обсерать
1675,обсераться
1676,обсереть
1677,обсереться
1678,обсикать
1679,обсикаться
1680,обсирать
1681,обсираться
1682,обснашивать
1683,обснашиваться
1684,обсношать
1685,обсношаться
1686,обсосаться
1687,обспусканный
1688,обспускать
1689,обспускаться
1690,обссывать
1691,обссываться
1692,обтрахать
1693,обтрахаться
1694,обтрахивать
1695,обтрахиваться
1696,обхезать
1697,обхезаться
1698,обхуякать
1699,обхуякаться
1700,обхуякивание
1701,обхуякивать
1702,обхуякиваться
1703,обхуяривание
1704,обхуяривать
1705,обхуяриваться
1706,обхуярить
1707,обхуяриться
1708,обхуячивание
1709,обхуячивать
1710,обхуячиваться
1711,обхуячить
1712,обхуячиться
1713,обхуяшивание
1714,обхуяшивать
1715,обхуяшиваться
1716,обхуяшить
1717,обхуяшиться
1718,объебатьнаход
1719,объебать
1720,объебаться
1721,объебашивание
1722,объебашивать
1723,объебашиваться
1724,объебашить
1725,объебашиться
1726,объебенивание
1727,объебенивать
1728,объебениваться
1729,объебенить
1730,объебениться
1731,объебёхать
1732,объебёхаться
1733,объебёхивание
1734,объебёхивать
1735,объебёхиваться
1736,объебнуть
1737,объебнуться
1738,объебон
1739,объебуривание
1740,объебуривать
1741,объебуриваться
1742,объебурить
1743,объебуриться
1744,объебушко
1745,объёбка
1746,объёбщик
1747,объёбывание
1748,объёбывать
1749,объёбываться
1750,огулять
1751,одинхуй
1752,однапизда
1753,однодырочник
1754,одноместо
1755,однохуйственный
1756,оебать
1757,оебашивать
1758,оебашить
1759,оебенивать
1760,оебенить
1761,оебёхать
1762,оебёхивать
1763,оебнуть
1764,оебуривать
1765,оебурить
1766,оёбывать
1767,округлить
1768,олюр
1769,оманденной
1770,омандить
1771,омандиться
1772,омандовать
1773,омандоваться
1774,омандовывание
1775,омандовывать
1776,омандовываться
1777,омандохать
1778,омандохаться
1779,омандохивание
1780,омандохивать
1781,омандохиваться
1782,омандошивание
1783,омандошивать
1784,омандошиваться
1785,омандошить
1786,омандошиться
1787,омандюкать
1788,омандюкаться
1789,омандюкивание
1790,омандюкивать
1791,омандюкиваться
1792,омандюливание
1793,омандюливать
1794,омандюливаться
1795,омандюлить
1796,омандюлиться
1797,омандюривание
1798,омандюривать
1799,омандюриваться
1800,омандюрить
1801,омандюриться
1802,омандякать
1803,омандякаться
1804,омандякивание
1805,омандякивать
1806,омандякиваться
1807,омандяривание
1808,омандяривать
1809,омандяриваться
1810,омандярить
1811,омандяриться
1812,омандяхать
1813,омандяхаться
1814,омандяхивание
1815,омандяхивать
1816,омандяхиваться
1817,омандячивание
1818,омандячивать
1819,омандячиваться
1820,омандячить
1821,омандячиться
1822,омандяшивание
1823,омандяшивать
1824,омандяшиваться
1825,омандяшить
1826,омандяшиться
1827,омудохать
1828,омудохаться
1829,омудохивание
1830,омудохивать
1831,омудохиваться
1832,опедерастить
1833,опездол
1834,опизденелый
1835,опизденеть
1836,опизденно
1837,опизденный
1838,опиздеть
1839,опиздить
1840,опиздиться
1841,опиздовать
1842,опиздоваться
1843,опиздовывание
1844,опиздовывать
1845,опиздовываться
1846,опиздол
1847,опиздохать
1848,опиздохаться
1849,опиздохивание
1850,опиздохивать
1851,опиздохиваться
1852,опиздошивание
1853,опиздошивать
1854,опиздошиваться
1855,опиздошить
1856,опиздошиться
1857,опиздывать
1858,опиздываться
1859,опиздюкать
1860,опиздюкаться
1861,опиздюкивание
1862,опиздюкивать
1863,опиздюкиваться
1864,опиздюливание
1865,опиздюливать
1866,опиздюливаться
1867,опиздюлить
1868,опиздюлиться
1869,опиздякать
1870,опиздякаться
1871,опиздякивание
1872,опиздякивать
1873,опиздякиваться
1874,опиздяривание
1875,опиздяривать
1876,опиздяриваться
1877,опиздярить
1878,опиздяриться
1879,опиздяхать
1880,опиздяхаться
1881,опиздяхивание
1882,опиздяхивать
1883,опиздяхиваться
1884,опиздячивание
1885,опиздячивать
1886,опиздячиваться
1887,опиздячить
1888,опиздячиться
1889,опорожняться
1890,опустить
1891,оргия
1892,осеколить
1893,оскопление
1894,остоебенить
1895,остоебетя
1896,остопиздеть
1897,остохуесть
1898,остохуеть
1899,отбарать
1900,отдаваться
1901,отдрачивать
1902,отдрачиваться
1903,отдрочить
1904,отдрочиться
1905,отдрючивать
1906,отдрючиваться
1907,отдрючить
1908,отдрючиться
1909,отдуплиться
1910,отжаривать
1911,отжарить
1912,отжариться
1913,отзудить
1914,отконаёбиться
1915,откосоёбиться
1916,отливальня
1917,отмандить
1918,отмандиться
1919,отмандовать
1920,отмандоваться
1921,отмандовывать
1922,отмандовываться
1923,отмандохать
1924,отмандохаться
1925,отмандохивать
1926,отмандохиваться
1927,отмандошивать
1928,отмандошиваться
1929,отмандошить
1930,отмандошиться
1931,отмандюкать
1932,отмандюкаться
1933,отмандюкивать
1934,отмандюкиваться
1935,отмандюливать
1936,отмандюливаться
1937,отмандюлить
1938,отмандюлиться
1939,отмандюривать
1940,отмандюриваться
1941,отмандюрить
1942,отмандюриться
1943,отмандякать
1944,отмандякаться
1945,отмандякивать
1946,отмандякиваться
1947,отмандяривать
1948,отмандяриваться
1949,отмандярить
1950,отмандяриться
1951,отмандяхать
1952,отмандяхаться
1953,отмандяхивать
1954,отмандяхиваться
1955,отмандячивать
1956,отмандячиваться
1957,отмандячить
1958,отмандячиться
1959,отмандяшить
1960,отмондить
1961,отмудить
1962,отмудиться
1963,отодрать
1964,оторов
1965,отосрать
1966,отосраться
1967,отоссать
1968,отоссаться
1969,отпиздить
1970,отпиздиться
1971,отпиздовать
1972,отпиздоваться
1973,отпиздовывание
1974,отпиздовывать
1975,отпиздовываться
1976,отпиздохать
1977,отпиздохаться
1978,отпиздохивание
1979,отпиздохивать
1980,отпиздохиваться
1981,отпиздошивание
1982,отпиздошивать
1983,отпиздошиваться
1984,отпиздошить
1985,отпиздошиться
1986,отпиздюкать
1987,отпиздюкаться
1988,отпиздюкивание
1989,отпиздюкивать
1990,отпиздюкиваться
1991,отпиздюливание
1992,отпиздюливать
1993,отпиздюливаться
1994,отпиздюлить
1995,отпиздюлиться
1996,отпиздюривание
1997,отпиздюривать
1998,отпиздюриваться
1999,отпиздюрить
2000,отпиздюриться
2001,отпиздякать
2002,отпиздякаться
2003,отпиздякивание
2004,отпиздякивать
2005,отпиздякиваться
2006,отпиздяривание
2007,отпиздяривать
2008,отпиздяриваться
2009,отпиздярить
2010,отпиздяриться
2011,отпиздяхать
2012,отпиздяхаться
2013,отпиздяхивание
2014,отпиздяхивать
2015,отпиздяхиваться
2016,отпиздячивание
2017,отпиздячивать
2018,отпиздячиваться
2019,отпиздячить
2020,отпиздячиться
2021,отпиздяшивание
2022,отпиздяшивать
2023,отпиздяшиваться
2024,отпиздяшить
2025,отпиздяшиться
2026,отпизживание
2027,отпизживать
2028,отпизживаться
2029,отпичуживание
2030,отпичуживать
2031,отпичуживаться
2032,отпичужить
2033,отпичужиться
2034,отпялить
2035,отсасывать
2036,отсасываться
2037,отсеколиться
2038,отсеривать
2039,отсериваться
2040,отсикать
2041,отсикаться
2042,отсикивать
2043,отсикиваться
2044,отсирать
2045,отсираться
2046,отснашивать
2047,отснашиваться
2048,отсношать
2049,отсношаться
2050,отсосать
2051,отсосаться
2052,отсос
2053,отсрать
2054,отссывать
2055,отссываться
2056,оттрахать
2057,оттрахаться
2058,оттрахивать
2059,оттрахиваться
2060,отфачить
2061,отхарить
2062,отхариться
2063,отхарнть
2064,отхерачить
2065,отхуесосить
2066,отхуякать
2067,отхуякаться
2068,отхуякивать
2069,отхуякиваться
2070,отхуяривать
2071,отхуяриваться
2072,отхуярить
2073,отхуяриться
2074,отхуячивать
2075,отхуячиваться
2076,отхуячить
2077,отхуячиться
2078,отхуяшивать
2079,отхуяшиваться
2080,отхуяшить
2081,отхуяшиться
2082,отшампурить
2083,отшворить
2084,отъебать
2085,отъебашивание
2086,отъебашивать
2087,отъебашиваться
2088,отъебашить
2089,отъебенивать
2090,отъебениваться
2091,отъебенить
2092,отъебениться
2093,отъебёхаться
2094,отъебёхивание
2095,отъебёхивать
2096,отъебнуть
2097,отъебуривание
2098,отъебуривать
2099,отъебуриваться
2100,отъебурить
2101,отъебуриться
2102,отъебывание
2103,отъебывать
2104,отъебываться
2105,отъёбанный
2106,отьебаться
2107,отьебашиться
2108,отьебенивание
2109,отьебёхать
2110,отьебнуться
2111,охеракать
2112,охеракивать
2113,охерачивать
2114,охерачить
2115,охерашивать
2116,охерашить
2117,охересть
2118,охерить
2119,охереть
2120,охерительный
2121,охобачивать
2122,охочдобаб
2123,охренеть
2124,охренительный
2125,охуевать
2126,охуесть
2127,охуение
2128,охуенно
2129,охуенный
2130,охуеть
2131,охуительный
2132,охуякать
2133,охуякаться
2134,охуякивать
2135,охуякиваться
2136,охуякнуть
2137,охуякнуться
2138,охуяривать
2139,охуяриваться
2140,охуярить
2141,охуяриться
2142,охуярка
2143,охуячивать
2144,охуячиваться
2145,охуячить
2146,охуячиться
2147,охуяшивать
2148,охуяшиваться
2149,охуяшить
2150,охуяшиться
2151,падалец
2152,падло
2153,падлюк
2154,пазель
2155,паскуда
2156,педерастина
2157,педерастический
2158,педерастия
2159,педераст
2160,педермота
2161,педик
2162,педрить
2163,пёжить
2164,пенис
2165,пердение
2166,пердеть
2167,пердешник
2168,пердёжа
2169,пердун
2170,пердячаякишка
2171,пердячийпара
2172,перебздеть
2173,перевыёбываться
2174,передрачивать
2175,передрочить
2176,передрочиться
2177,переебаться
2178,переебашивать
2179,переебашиваться
2180,переебашить
2181,переебашиться
2182,переебенивать
2183,переебениваться
2184,переебенить
2185,переебениться
2186,переебёхать
2187,переебёхаться
2188,переебёхивать
2189,переебёхиваться
2190,переебнуть
2191,переебнуться
2192,переебуривать
2193,переебуриваться
2194,переебурить
2195,переебуриться
2196,переёбанный
2197,переёбать
2198,переёбывать
2199,переёбываться
2200,перекосоёбить
2201,перекосоёбиться
2202,перемандить
2203,перемандиться
2204,перемандовать
2205,перемандоваться
2206,перемандовывать
2207,перемандовываться
2208,перемандошивать
2209,перемандошиваться
2210,перемандошить
2211,перемандошиться
2212,перемандывать
2213,перемандываться
2214,перемандюкатя
2215,перемандюкаться
2216,перемандюкивать
2217,перемандюкиваться
2218,перемандюливать
2219,перемандюливаться
2220,перемандюлить
2221,перемандюлиться
2222,перемандюривать
2223,перемандюриваться
2224,перемандюрить
2225,перемандюриться
2226,перемандякать
2227,перемандякаться
2228,перемандякивать
2229,перемандякиваться
2230,перемандяривать
2231,перемандяриваться
2232,перемандярить
2233,перемандяриться
2234,перемандяхать
2235,перемандяхаться
2236,перемандяхивать
2237,перемандяхиваться
2238,перемандячивать
2239,перемандячиваться
2240,перемандячить
2241,перемандячиться
2242,перемандяшивать
2243,перемандяшиваться
2244,перемандяшить
2245,перемандяшиться
2246,перемондить
2247,перемудить
2248,перемудиться
2249,перемудохать
2250,перемудохаться
2251,перемудохивать
2252,перемудохиваться
2253,перепиздить
2254,перепиздиться
2255,перепиздоболивать
2256,перепиздоболиваться
2257,перепиздоболить
2258,перепиздоболиться
2259,перепиздовать
2260,перепиздоваться
2261,перепиздовывать
2262,перепиздовываться
2263,перепиздохать
2264,перепиздохаться
2265,перепиздохивать
2266,перепиздохиваться
2267,перепиздошивать
2268,перепиздошиваться
2269,перепиздошить
2270,перепиздошиться
2271,перепиздывать
2272,перепиздываться
2273,перепиздюкатя
2274,перепиздюкаться
2275,перепиздюкивать
2276,перепиздюкиваться
2277,перепиздюливать
2278,перепиздюливаться
2279,перепиздюлить
2280,перепиздюлиться
2281,перепиздюривать
2282,перепиздюриваться
2283,перепиздюрить
2284,перепиздюриться
2285,перепиздюхать
2286,перепиздюхаться
2287,перепиздюхивать
2288,перепиздюхиваться
2289,перепиздякать
2290,перепиздякаться
2291,перепиздякивать
2292,перепиздякиваться
2293,перепиздяривать
2294,перепиздяриваться
2295,перепиздярить
2296,перепиздяриться
2297,перепиздяхать
2298,перепиздяхаться
2299,перепиздяхивать
2300,перепиздяхиваться
2301,перепиздячивать
2302,перепиздячиваться
2303,перепиздячить
2304,перепиздячиться
2305,перепизживать
2306,перепизживаться
2307,перепихивать
2308,перепихиваться
2309,перепихнуться
2310,перепичуживать
2311,перепичуживаться
2312,перепичужить
2313,перепичужиться
2314,пересасывать
2315,пересасываться
2316,пересеколиться
2317,пересикать
2318,пересикаться
2319,пересикивать
2320,пересикиваться
2321,пересикнуть
2322,пересирать
2323,пересираться
2324,пересношать
2325,пересношаться
2326,пересосать
2327,пересосаться
2328,пересрать
2329,пересраться
2330,перессать
2331,перессывать
2332,перетрахать
2333,перетрахаться
2334,перетрахивать
2335,перетрахиваться
2336,перехуйнуть
2337,перехуйнуться
2338,перехуякать
2339,перехуякаться
2340,перехуякивать
2341,перехуякиваться
2342,перехуякнуть
2343,перехуякнуться
2344,перехуяривать
2345,перехуяриваться
2346,перехуярить
2347,перехуяриться
2348,перехуячивать
2349,перехуячиваться
2350,перехуячить
2351,перехуячиться
2352,перехуяшивать
2353,перехуяшиваться
2354,перехуяшить
2355,перехуяшиться
2356,перещупать
2357,пёрднуть
2358,пидорас
2359,пидора
2360,пиздануть
2361,пиздануться
2362,пизда
2363,пиздато
2364,пиздатый
2365,пизденеть
2366,пиздеть
2367,пиздецвсема
2368,пиздецовый
2369,пиздецполный
2370,пиздец
2371,пиздёжа
2372,пиздёнка
2373,пиздёночка
2374,пиздёныш
2375,пиздийволосый
2376,пиздилыцик
2377,пиздиный
2378,пиздистый
2379,пиздить
2380,пиздихаханьки
2381,пиздискать
2382,пиздоболивать
2383,пиздоболить
2384,пиздоболиться
2385,пиздобол
2386,пиздобратия
2387,пиздобрат
2388,пиздоватенький
2389,пиздоватый
2390,пиздовать
2391,пиздоголик
2392,пиздодр
2393,пиздодуть
2394,пиздоёбство
2395,пиздолётик
2396,пиздолёт
2397,пиздолиз
2398,пиздолюбивый
2399,пиздомелить
2400,пиздомол
2401,пиздомотина
2402,пиздомудилыцик
2403,пиздомудство
2404,пиздон
2405,пиздопляска
2406,пиздопроебин
2407,пиздопроёбин
2408,пиздопротивный
2409,пиздорванец
2410,пиздорванка
2411,пиздорезнуть
2412,пиздорезнуться
2413,пиздорык
2414,пиздосос
2415,пиздострадание
2416,пиздострадатель
2417,пиздося
2418,пиздохать
2419,пиздохаться
2420,пиздохивать
2421,пиздохиваться
2422,пиздоход
2423,пиздочёт
2424,пиздошивать
2425,пиздошиваться
2426,пиздошить
2427,пиздошиться
2428,пиздуть
2429,пиздуня
2430,пиздуся
2431,пиздушка
2432,пиздывломить
2433,пиздык
2434,пиздыполучить
2435,пиздюг
2436,пиздюкатя
2437,пиздюкаться
2438,пиздюкивать
2439,пиздюкиваться
2440,пиздюк
2441,пиздюлейдать
2442,пиздюлейнавешать
2443,пиздюлейполучить
2444,пиздюливать
2445,пиздюливаться
2446,пиздюлинаотчас
2447,пиздюлина
2448,пиздюли
2449,пиздюлить
2450,пиздюлиться
2451,пиздюривать
2452,пиздюриваться
2453,пиздюрить
2454,пиздюриться
2455,пиздюхать
2456,пиздюхаться
2457,пиздюхивать
2458,пиздюхиваться
2459,пиздючат
2460,пиздюшка
2461,пиздюшник
2462,пиздякать
2463,пиздякаться
2464,пиздякивать
2465,пиздякиваться
2466,пиздякнуть
2467,пиздякнуться
2468,пиздятина
2469,пиздячий
2470,пилиться
2471,пиписк
2472,пипка
2473,писька
2474,писюлька
2475,пихание
2476,пичужить
2477,пичужиться
2478,плева
2479,плоскозадый
2480,побарать
2481,побараться
2482,поблудить
2483,поблядовать
2484,поблядушка
2485,повыёбываться
2486,подвальчик
2487,поддавать
2488,поджопить
2489,поджопиться
2490,поджопник
2491,подзаборница
2492,подзалететь
2493,подмандить
2494,подмандиться
2495,подмандовать
2496,подмандоваться
2497,подмандовывать
2498,подмандовываться
2499,подмандохать
2500,подмандохаться
2501,подмандохивать
2502,подмандохиваться
2503,подмандошивать
2504,подмандошиваться
2505,подмандошить
2506,подмандошиться
2507,подмандывать
2508,подмандываться
2509,подмандюливать
2510,подмандюливаться
2511,подмандюлить
2512,подмандюлиться
2513,подмандюривать
2514,подмандюриваться
2515,подмандюрить
2516,подмандюриться
2517,подмандякать
2518,подмандякаться
2519,подмандякивать
2520,подмандякиваться
2521,подмандяривать
2522,подмандяриваться
2523,подмандярить
2524,подмандяриться
2525,подмандяхать
2526,подмандяхаться
2527,подмандяхивать
2528,подмандяхиваться
2529,подмандячивать
2530,подмандячиваться
2531,подмандячить
2532,подмандячиться
2533,подмандяшивать
2534,подмандяшиваться
2535,подмандяшить
2536,подмандяшиться
2537,подмахивать
2538,подмахнуть
2539,подмудохать
2540,подмудохаться
2541,подмудохивать
2542,подмудохиваться
2543,подмываться
2544,подосрать
2545,подосраться
2546,подоссать
2547,подпиздить
2548,подпиздовать
2549,подпиздоваться
2550,подпиздовывать
2551,подпиздовываться
2552,подпиздохать
2553,подпиздохаться
2554,подпиздохивать
2555,подпиздохиваться
2556,подпиздошибаться
2557,подпиздошивать
2558,подпиздошить
2559,подпиздошиться
2560,подпиздюкать
2561,подпиздюкаться
2562,подпиздюкивать
2563,подпиздюкиваться
2564,подпиздюливать
2565,подпиздюливаться
2566,подпиздюлить
2567,подпиздюлиться
2568,подпиздюривать
2569,подпиздюриваться
2570,подпиздюрить
2571,подпиздюриться
2572,подпиздюхать
2573,подпиздюхаться
2574,подпиздюхивать
2575,подпиздюхиваться
2576,подпиздякать
2577,подпиздякаться
2578,подпиздякивать
2579,подпиздякиваться
2580,подпиздяривать
2581,подпиздяриваться
2582,подпиздярить
2583,подпиздяриться
2584,подпиздяхать
2585,подпиздяхаться
2586,подпиздяхивать
2587,подпиздяхиваться
2588,подпиздячивать
2589,подпиздячиваться
2590,подпиздячить
2591,подпиздячиться
2592,подпиздяшивать
2593,подпиздяшиваться
2594,подпиздяшить
2595,подпиздяшиться
2596,подпуститьсытность
2597,подранивать
2598,подристывать
2599,подрочить
2600,подсеколиться
2601,подсердечник
2602,подсирать
2603,подссывать
2604,подхуйнуть
2605,подхуйнуться
2606,подхуякать
2607,подхуякаться
2608,подхуякивать
2609,подхуякиваться
2610,подхуякнуть
2611,подхуякнуться
2612,подхуяривать
2613,подхуяриваться
2614,подхуярить
2615,подхуяриться
2616,подхуячивать
2617,подхуячиваться
2618,подхуячиться
2619,подхуяшивать
2620,подхуяшиваться
2621,подхуяшить
2622,подхуяшиться
2623,подъебать
2624,подъебаться
2625,подъебашивать
2626,подъебашиваться
2627,подъебашить
2628,подъебашиться
2629,подъебенивать
2630,подъебениваться
2631,подъебенить
2632,подъебениться
2633,подъебериться
2634,подъебёхать
2635,подъебёхаться
2636,подъебёхивать
2637,подъебёхиваться
2638,подъебнуть
2639,подъебуривать
2640,подъебуриваться
2641,подъебурить
2642,подъёбка
2643,подъести
2644,подъёбщик
2645,подъёбывать
2646,подъябывать
2647,поебанный
2648,поебать
2649,поебаться
2650,поебеня
2651,поебистика
2652,поебон
2653,поебончик
2654,поеть
2655,поёбочка
2656,поёбывать
2657,поёбываться
2658,пожарить
2659,пожариться
2660,позитура
2661,пойтинафиг
2662,покакать
2663,помандить
2664,помандиться
2665,помандовать
2666,помандоваться
2667,помандовывать
2668,помандовываться
2669,помандохать
2670,помандохаться
2671,помандохивать
2672,помандохиваться
2673,помандошивать
2674,помандошить
2675,помандошиться
2676,помандюкать
2677,помандюкаться
2678,помандюкивать
2679,помандюкиваться
2680,помандюливать
2681,помандюливаться
2682,помандюлить
2683,помандюлиться
2684,помандюривать
2685,помандюриваться
2686,помандюрить
2687,помандюриться
2688,помандякать
2689,помандякаться
2690,помандякивать
2691,помандякиваться
2692,помандяхать
2693,помандяхаться
2694,помандяхивать
2695,помандяхиваться
2696,помандячивать
2697,помандячиваться
2698,помандячить
2699,помандячиться
2700,помандяшивать
2701,помандяшиваться
2702,помандяшить
2703,помандяшиться
2704,помараться
2705,поматерить
2706,поматериться
2707,поматросить
2708,поматюживаться
2709,поматюкать
2710,поматюкаться
2711,поматюкивать
2712,помета
2713,помочиться
2714,помудить
2715,помудохать
2716,помудохаться
2717,помудохивать
2718,помудохиваться
2719,поносникнуть
2720,понос
2721,попердеть
2722,попердеться
2723,попёрдывать
2724,попизденной
2725,попиздеть
2726,попиздить
2727,попиздиться
2728,попиздоболивать
2729,попиздоболиваться
2730,попиздоболить
2731,попиздоболиться
2732,попиздовать
2733,попиздоваться
2734,попиздовывать
2735,попиздовываться
2736,попиздохать
2737,попиздохаться
2738,попиздохивать
2739,попиздохиваться
2740,попиздошивать
2741,попиздошиваться
2742,попиздошить
2743,попиздошиться
2744,попиздюкать
2745,попиздюкаться
2746,попиздюкивать
2747,попиздюкиваться
2748,попиздюливать
2749,попиздюливаться
2750,попиздюлить
2751,попиздюлиться
2752,попиздюривать
2753,попиздюриваться
2754,попиздюрить
2755,попиздюриться
2756,попиздюхать
2757,попиздюхаться
2758,попиздюхивать
2759,попиздюхиваться
2760,попиздякать
2761,попиздякаться
2762,попиздякивать
2763,попиздякиваться
2764,попиздяривать
2765,попиздяриваться
2766,попиздярить
2767,попиздяриться
2768,попиздяхать
2769,попиздяхаться
2770,попиздяхивать
2771,попиздяхиваться
2772,попиздячивать
2773,попиздячиваться
2774,попиздячить
2775,попиздячиться
2776,попиздяшивать
2777,попиздяшиваться
2778,попиздяшить
2779,попиздяшиться
2780,попизживать
2781,попизживаться
2782,пописать
2783,попихать
2784,попихаться
2785,пораспутничать
2786,порево
2787,порочный
2788,портитьдух
2789,порчик
2790,посасывать
2791,посеривать
2792,посикать
2793,поскрёбышать
2794,послаться
2795,поснашивать
2796,поснашиваться
2797,посношать
2798,посношаться
2799,посрать
2800,поссать
2801,потаскун
2802,потаскуха
2803,потрахать
2804,потрахаться
2805,потрахивать
2806,потрахиваться
2807,похабень
2808,похабить
2809,похабник
2810,похабный
2811,похабство
2812,похабщина
2813,похезать
2814,похер
2815,похотник
2816,похоть
2817,похуистый
2818,похуй
2819,похуякать
2820,похуякаться
2821,похуякивать
2822,похуякиваться
2823,похуяривать
2824,похуяриваться
2825,похуярить
2826,похуяриться
2827,похуячивать
2828,похуячиваться
2829,похуячить
2830,похуячиться
2831,похуяшивать
2832,похуяшиваться
2833,похуяшить
2834,похуяшиться
2835,поц
2836,пошмариться
2837,поябывать
2838,приебать
2839,приебаться
2840,приебашивать
2841,приебашиваться
2842,приебашить
2843,приебашиться
2844,приебениваться
2845,приебенить
2846,приебениться
2847,приебёхать
2848,приебёхаться
2849,приебёхивать
2850,приебёхиваться
2851,приебуривать
2852,приебуриваться
2853,приебурить
2854,приебуриться
2855,приёбенивать
2856,приёбистый
2857,приёбывать
2858,приёбываться
2859,прижопить
2860,прижопывать
2861,примавдовывать
2862,примандехать
2863,примандёхаться
2864,примандёхивать
2865,примандёхиваться
2866,примандить
2867,примандиться
2868,примандовать
2869,примандоваться
2870,примандовываться
2871,примандохать
2872,примандохаться
2873,примандохивать
2874,примандохиваться
2875,примандошивать
2876,примандошиваться
2877,примандошить
2878,примандошиться
2879,примандюкать
2880,примандюкаться
2881,примандюкивать
2882,примандюкиваться
2883,примандюливать
2884,примандюливаться
2885,примандюлить
2886,примандюлиться
2887,примандюривать
2888,примандюриваться
2889,примандюрить
2890,примандюриться
2891,примандякать
2892,примандякаться
2893,примандякивать
2894,примандякиваться
2895,примандяривать
2896,примандяриваться
2897,примандярить
2898,примандяриться
2899,примандяхать
2900,примандяхаться
2901,примандяхивать
2902,примандяхиваться
2903,примандячивать
2904,примандячиваться
2905,примандячить
2906,примандячиться
2907,примандяшивать
2908,примандяшиваться
2909,примандяшить
2910,примандяшиться
2911,примудохать
2912,примудохаться
2913,примудохивать
2914,примудохиваться
2915,припизденный
2916,припиздеть
2917,припиздить
2918,припиздиться
2919,припиздовать
2920,припиздоваться
2921,припиздовывать
2922,припиздовываться
2923,припиздохать
2924,припиздохаться
2925,припиздохивать
2926,припиздохиваться
2927,припиздошивать
2928,припиздошиваться
2929,припиздошить
2930,припиздошиться
2931,припиздронивать
2932,припиздрониваться
2933,припиздронить
2934,припиздрониться
2935,припиздывать
2936,припиздываться
2937,припиздыш
2938,припиздюкать
2939,припиздюкаться
2940,припиздюкивать
2941,припиздюкиваться
2942,припиздюливать
2943,припиздюливаться
2944,припиздюлить
2945,припиздюлиться
2946,припиздюривать
2947,припиздюриваться
2948,припиздюрить
2949,припиздюриться
2950,припиздюхать
2951,припиздюхаться
2952,припиздюхивать
2953,припиздюхиваться
2954,припиздякать
2955,припиздякаться
2956,припиздякивать
2957,припиздякиваться
2958,припиздяривать
2959,припиздяриваться
2960,припиздярить
2961,припиздяриться
2962,припиздяхать
2963,припиздяхаться
2964,припиздяхивать
2965,припиздяхиваться
2966,припиздячивать
2967,припиздячиваться
2968,припиздячить
2969,припиздячиться
2970,припиздяшивать
2971,припиздяшиваться
2972,припиздяшить
2973,припиздяшиться
2974,припизживать
2975,припизживаться
2976,присеколиться
2977,присикать
2978,присирать
2979,присрать
2980,приссать
2981,приссывать
2982,притрахаться
2983,прихуеть
2984,прихуякать
2985,прихуякаться
2986,прихуякивать
2987,прихуякиваться
2988,прихуяривать
2989,прихуяриваться
2990,прихуярить
2991,прихуяриться
2992,прихуячивать
2993,прихуячиваться
2994,прихуячить
2995,прихуячиться
2996,прихуяшивать
2997,прихуяшиваться
2998,прихуяшить
2999,прихуяшиться
3000,проблядовать
3001,проблядушка
3002,проблядь
3003,продолбать
3004,продрачивать
3005,продрачиваться
3006,продрочить
3007,продрочиться
3008,проебать
3009,проебаться
3010,проебашивать
3011,проебашиваться
3012,проебашить
3013,проебашиться
3014,проебенить
3015,проебениться
3016,проебёхать
3017,проебёхаться
3018,проебёхивать
3019,проебёхиваться
3020,проебуривать
3021,проебуриваться
3022,проебурить
3023,проебуриться
3024,проёбывать
3025,проёбываться
3026,прожопить
3027,прожопывать
3028,проконаёбиться
3029,прокосоёбиться
3030,промандехать
3031,промандёхаться
3032,промандёхивать
3033,промандёхиваться
3034,промандить
3035,промандиться
3036,промандовать
3037,промандоваться
3038,промандовывать
3039,промандовываться
3040,промандохать
3041,промандохаться
3042,промандохивать
3043,промандохиваться
3044,промандошивать
3045,промандошиваться
3046,промандошить
3047,промандошиться
3048,промандюкать
3049,промандюкаться
3050,промандюкивать
3051,промандюкиваться
3052,промандюливать
3053,промандюливаться
3054,промандюлить
3055,промандюлиться
3056,промандюривать
3057,промандюриваться
3058,промандюрить
3059,промандюриться
3060,промандякать
3061,промандякаться
3062,промандякивать
3063,промандякиваться
3064,промандяривать
3065,промандяриваться
3066,промандярить
3067,промандяриться
3068,промандяхать
3069,промандяхаться
3070,промандяхивать
3071,промандяхиваться
3072,промандячивать
3073,промандячиваться
3074,промандячить
3075,промандячиться
3076,промандяшивать
3077,промандяшиваться
3078,промандяшить
3079,промандяшиться
3080,промудить
3081,промудиться
3082,пропиздить
3083,пропиздиться
3084,пропиздоболивать
3085,пропиздоболиваться
3086,пропиздоболить
3087,пропиздоболиться
3088,пропиздовать
3089,пропиздоваться
3090,пропиздовывать
3091,пропиздовываться
3092,пропиздон
3093,пропиздохать
3094,пропиздохаться
3095,пропиздохивать
3096,пропиздохиваться
3097,пропиздошивать
3098,пропиздошиваться
3099,пропиздошить
3100,пропиздошиться
3101,пропиздюкать
3102,пропиздюкаться
3103,пропиздюкивать
3104,пропиздюкиваться
3105,пропиздюливать
3106,пропиздюливаться
3107,пропиздюлить
3108,пропиздюлиться
3109,пропиздюривать
3110,пропиздюриваться
3111,пропиздюрить
3112,пропиздюриться
3113,пропиздюхать
3114,пропиздюхаться
3115,пропиздюхивать
3116,пропиздюхиваться
3117,пропиздякать
3118,пропиздякаться
3119,пропиздякивать
3120,пропиздякиваться
3121,пропиздяривать
3122,пропиздяриваться
3123,пропиздярить
3124,пропиздяриться
3125,пропиздяхать
3126,пропиздяхивать
3127,пропиздяхиваться
3128,пропиздячивать
3129,пропиздячиваться
3130,пропиздячить
3131,пропиздячиться
3132,пропиздяшивать
3133,пропиздяшиваться
3134,пропиздяшить
3135,пропиздяшиться
3136,пропизживать
3137,пропизживаться
3138,пропичуживать
3139,пропичужить
3140,просеколиться
3141,просикать
3142,просикивать
3143,просирать
3144,проснашивать
3145,проснашиваться
3146,просношать
3147,просношаться
3148,просрать
3149,просраться
3150,проссать
3151,проссаться
3152,проссывать
3153,проститутка
3154,проституция
3155,протрахать
3156,протрахивать
3157,протрахиваться
3158,профура
3159,профурсетка
3160,прохуякать
3161,прохуякаться
3162,прохуякивать
3163,прохуякиваться
3164,прохуяривать
3165,прохуяриваться
3166,прохуярить
3167,прохуяриться
3168,прохуячивать
3169,прохуячиваться
3170,прохуячить
3171,прохуячиться
3172,прохуяшивать
3173,прохуяшиваться
3174,прохуяшить
3175,прохуяшиться
3176,прошмандовка
3177,пукать
3178,пульвера
3179,пуститьматюк
3180,путаный
3181,путлях
3182,пырять
3183,пялить
3184,разбазаривать
3185,разбазариваться
3186,разблядоваться
3187,развратник
3188,разврат
3189,развыёбываться
3190,раздрочить
3191,раздрочиться
3192,раззалупаться
3193,размавдюливать
3194,размандить
3195,размандиться
3196,размандовать
3197,размандоваться
3198,размандовывать
3199,размандовываться
3200,размандохать
3201,размандохаться
3202,размандохивать
3203,размандохиваться
3204,размандошивать
3205,размандошиваться
3206,размандошить
3207,размандошиться
3208,размандюкать
3209,размандюкаться
3210,размандюкивать
3211,размандюкиваться
3212,размандюливаться
3213,размандюлить
3214,размандюлиться
3215,размандюривать
3216,размандюриваться
3217,размандюрить
3218,размандюриться
3219,размандякать
3220,размандякаться
3221,размандякивать
3222,размандякиваться
3223,размандяривать
3224,размандяриваться
3225,размандярить
3226,размандяриться
3227,размандяхать
3228,размандяхаться
3229,размандяхивать
3230,размандяхиваться
3231,размандячивать
3232,размандячиваться
3233,размандячить
3234,размандячиться
3235,размандяшивать
3236,размандяшиваться
3237,размандяшить
3238,размандяшиться
3239,размудохать
3240,размудохаться
3241,размудохивать
3242,размудохиваться
3243,разнохуйственный
3244,разосрать
3245,разосраться
3246,разъебай
3247,разъебать
3248,разъебаться
3249,разъебашивать
3250,разъебашиваться
3251,разъебашить
3252,разъебашиться
3253,разъебенивать
3254,разъебениваться
3255,разъебенить
3256,разъебениться
3257,разъебена
3258,разъебёхать
3259,разъебёхаться
3260,разъебёхивать
3261,разъебёхиваться
3262,разъебуривать
3263,разъебуриваться
3264,разъебурить
3265,разъебуриться
3266,разъёбанный
3267,разъёб
3268,разъёбывать
3269,разъёбываться
3270,расконаёбиться
3271,раскосоёбиться
3272,расперемать
3273,распиздеть
3274,распиздех
3275,распиздить
3276,распиздиться
3277,распиздовать
3278,распиздоваться
3279,распиздовывать
3280,распиздовываться
3281,распиздон
3282,распиздохать
3283,распиздохаться
3284,распиздохивать
3285,распиздохиваться
3286,распиздошивать
3287,распиздошиваться
3288,распиздошить
3289,распиздошиться
3290,распиздюкать
3291,распиздюкаться
3292,распиздюкивать
3293,распиздюкиваться
3294,распиздюливать
3295,распиздюливаться
3296,распиздюлить
3297,распиздюлиться
3298,распиздюривать
3299,распиздюриваться
3300,распиздюрить
3301,распиздюриться
3302,распиздюхать
3303,распиздюхаться
3304,распиздюхивать
3305,распиздюхиваться
3306,распиздяй
3307,распиздякать
3308,распиздякаться
3309,распиздякивать
3310,распиздякиваться
3311,распиздяривать
3312,распиздяриваться
3313,распиздярить
3314,распиздяриться
3315,распиздяхать
3316,распиздяхаться
3317,распиздяхивать
3318,распиздяхиваться
3319,распиздячивать
3320,распиздячиваться
3321,распиздячить
3322,распиздячиться
3323,распиздяшивать
3324,распиздяшиваться
3325,распиздяшить
3326,распиздяшиться
3327,распизживать
3328,распизживаться
3329,распроести
3330,распроеть
3331,распронаебить
3332,распутница
3333,распутство
3334,рассасывать
3335,рассеколить
3336,рассеколиться
3337,рассереться
3338,рассирать
3339,рассираться
3340,рассношать
3341,рассношаться
3342,рассывать
3343,рассываться
3344,растакать
3345,растак
3346,растуд
3347,растудыттвоютуда
3348,расхуякать
3349,расхуякаться
3350,расхуякивать
3351,расхуякиваться
3352,расхуяривать
3353,расхуяриваться
3354,расхуярить
3355,расхуяриться
3356,расхуячивать
3357,расхуячиваться
3358,расхуячить
3359,расхуячиться
3360,расхуяшивать
3361,расхуяшиваться
3362,расхуяшить
3363,расхуяшиться
3364,рехем
3365,розюлядь
3366,санжировать
3367,сафизм
3368,сдрочить
3369,северка
3370,секельноемасло
3371,секель
3372,сексапиль
3373,сексопилка
3374,сексотка
3375,семяизвержение
3376,серево
3377,серёк
3378,сестроести
3379,сик
3380,сикать
3381,сикель
3382,сикль
3383,сикулёт
3384,сикулёк
3385,сикуха
3386,сикушка
3387,сиповка
3388,сип
3389,сиська
3390,сисястая
3391,сиф
3392,сифилиночка
3393,сифилюг
3394,скоблиться
3395,скосоёбать
3396,скосоёбить
3397,скосоёбиться
3398,скосоёбывать
3399,скосоёбываться
3400,скребать
3401,скребаться
3402,скурвиться
3403,случка
3404,смандёхать
3405,смандёхаться
3406,смандёхивать
3407,смандёхиваться
3408,смандить
3409,смандиться
3410,смандовать
3411,смандоваться
3412,смандовывать
3413,смандовываться
3414,смандохать
3415,смандохаться
3416,смандохивать
3417,смандохиваться
3418,смандошивать
3419,смандошиваться
3420,смандошить
3421,смандошиться
3422,смандюкать
3423,смандюкаться
3424,смандюкивать
3425,смандюкиваться
3426,смандюливать
3427,смандюливаться
3428,смандюлить
3429,смандюлиться
3430,смандюривать
3431,смандюриваться
3432,смандюрить
3433,смандюриться
3434,смандякать
3435,смандякаться
3436,смандякивать
3437,смандякиваться
3438,смандяривать
3439,смандяриваться
3440,смандярить
3441,смандяриться
3442,смандячивать
3443,смандячиваться
3444,смандячить
3445,смандячиться
3446,смандяшивать
3447,смандяшиваться
3448,смандяшить
3449,смандяшиться
3450,смертохуйственный
3451,смехуёчек
3452,смудить
3453,смудохать
3454,смудохаться
3455,смудохиваться
3456,смудоховать
3457,снасильничать
3458,сношать
3459,сношаться
3460,сношение
3461,совокупиться
3462,совокупление
3463,содомировать
3464,содомиться
3465,содомия
3466,соитие
3467,солоп
3468,сосюра
3469,соусдроч
3470,спариваться
3471,сперепиздинка
3472,сперматозавр
3473,спизденной
3474,спиздеть
3475,спиздить
3476,спиздоболивать
3477,спиздоболиваться
3478,спиздоболить
3479,спиздоболиться
3480,спиздовать
3481,спиздоваться
3482,спиздовывать
3483,спиздовываться
3484,спиздохать
3485,спиздохаться
3486,спиздохивать
3487,спиздохиваться
3488,спиздошивать
3489,спиздошиваться
3490,спиздошить
3491,спиздошиться
3492,спиздюкать
3493,спиздюкаться
3494,спиздюкивать
3495,спиздюкиваться
3496,спиздюливать
3497,спиздюливаться
3498,спиздюлить
3499,спиздюлиться
3500,спиздюривать
3501,спиздюриваться
3502,спиздюрить
3503,спиздюриться
3504,спиздюхать
3505,спиздюхаться
3506,спиздюхиваться
3507,спиздякать
3508,спиздякаться
3509,спиздякивать
3510,спиздякиваться
3511,спиздяривать
3512,спиздяриваться
3513,спиздярить
3514,спиздяриться
3515,спиздяхать
3516,спиздяхаться
3517,спиздяхивать
3518,спиздяхиваться
3519,спиздячивать
3520,спиздячиваться
3521,спиздячить
3522,спиздячиться
3523,спиздяшивать
3524,спиздяшиваться
3525,спиздяшить
3526,спиздяшиться
3527,спичудить
3528,спичуживать
3529,спичуживаться
3530,спичужить
3531,спичужиться
3532,сприёб
3533,сприпиздинка
3534,сприпиздие
3535,спускнуть
3536,срак
3537,срамной
3538,сраный
3539,сраньё
3540,срань
3541,срать
3542,срачок
3543,срач
3544,ссак
3545,ссаньё
3546,ссать
3547,ссачок
3548,ссучиться
3549,ссыкун
3550,ссыкуха
3551,старыйхрен
3552,стеклорез
3553,стервь
3554,стоячок
3555,струхня
3556,стукалка
3557,сукадло
3558,сук
3559,сукин
3560,сунь-хуй-в-чай
3561,суперсекс
3562,суфлёр
3563,сухобзделка
3564,суходрочка
3565,сухостойный
3566,сучар
3567,сучийпотроха
3568,сучийсын
3569,сучийхвост
3570,сучка
3571,сучьевымя
3572,схуевудушить
3573,схуевутучать
3574,схуякать
3575,схуякаться
3576,схуякивать
3577,схуякиваться
3578,схуяривать
3579,схуяриваться
3580,схуярить
3581,схуяриться
3582,схуячивать
3583,схуячиваться
3584,схуячить
3585,схуячиться
3586,схуяшивать
3587,схуяшиваться
3588,схуяшить
3589,схуяшиться
3590,съебать
3591,съебаться
3592,съебашивать
3593,съебашиваться
3594,съебашить
3595,съебашиться
3596,съебенивать
3597,съебениваться
3598,съебенить
3599,съебениться
3600,съебёхать
3601,съебёхаться
3602,съебёхивать
3603,съебёхиваться
3604,съебуривать
3605,съебуриваться
3606,съебурить
3607,съебуриться
3608,съёбывать
3609,съёбываться
3610,сявка
3611,телок
3612,тибетчик
3613,титечка
3614,титька
3615,титя
3616,титястая
3617,толстожопый
3618,толстозадый
3619,торчить
3620,транд
3621,трандюк
3622,траханье
3623,трахать
3624,трахаться
3625,трахнуть
3626,трахнуться
3627,трепак
3628,триппер-бар
3629,трипперный
3630,триппёрка
3631,триппер
3632,трихомудия
3633,труханин
3634,трухать
3635,трухня
3636,туркать
3637,удристать
3638,удристаться
3639,уд
3640,уебать
3641,уебаться
3642,уебашивать
3643,уебашиваться
3644,уебашить
3645,уебашиться
3646,уебенивать
3647,уебениваться
3648,уебенить
3649,уебениться
3650,уебёхать
3651,уебёхаться
3652,уебёхивать
3653,уебёхиваться
3654,уебище
3655,уебленный
3656,уебуривать
3657,уебуриваться
3658,уебурить
3659,уебуриться
3660,уеть
3661,уёбывать
3662,уёбываться
3663,уёбыш
3664,умандёхать
3665,умандёхаться
3666,умандёхивать
3667,умандёхиваться
3668,умандовать
3669,умандоваться
3670,умандовывать
3671,умандовываться
3672,умандохать
3673,умандохаться
3674,умандохивать
3675,умандохиваться
3676,умандошивать
3677,умандошиваться
3678,умандошить
3679,умандошиться
3680,умандюкать
3681,умандюкаться
3682,умандюкивать
3683,умандюкиваться
3684,умандюливать
3685,умандюливаться
3686,умандюлить
3687,умандюлиться
3688,умандюривать
3689,умандюриваться
3690,умандюрить
3691,умандюриться
3692,умандякать
3693,умандякаться
3694,умандякивать
3695,умандякиваться
3696,умандяривать
3697,умандяриваться
3698,умандярить
3699,умандяриться
3700,умандячивать
3701,умандячиваться
3702,умандячить
3703,умандячиться
3704,умандяшивать
3705,умандяшиваться
3706,умандяшить
3707,умандяшиться
3708,умудохать
3709,умудохаться
3710,умудохивать
3711,умудохиваться
3712,упиздить
3713,упиздиться
3714,упиздовать
3715,упиздоваться
3716,упиздовывать
3717,упиздовываться
3718,упиздохать
3719,упиздохаться
3720,упиздохивать
3721,упиздохиваться
3722,упиздошивать
3723,упиздошиваться
3724,упиздошить
3725,упиздошиться
3726,упиздывать
3727,упиздываться
3728,упиздюкать
3729,упиздюкаться
3730,упиздюкивать
3731,упиздюкиваться
3732,упиздюливать
3733,упиздюливаться
3734,упиздюлить
3735,упиздюлиться
3736,упиздюривать
3737,упиздюриваться
3738,упиздюрить
3739,упиздюриться
3740,упиздюхать
3741,упиздюхаться
3742,упиздюхивать
3743,упиздюхиваться
3744,упиздякать
3745,упиздякаться
3746,упиздякивать
3747,упиздякиваться
3748,упиздяривать
3749,упиздяриваться
3750,упиздярить
3751,упиздяриться
3752,упиздяхать
3753,упиздяхаться
3754,упиздяхивать
3755,упиздяхиваться
3756,упиздячивать
3757,упиздячиваться
3758,упиздячить
3759,упиздячиться
3760,упиздяшивать
3761,упиздяшиваться
3762,упиздяшить
3763,упиздяшиться
3764,упизживать
3765,упизживаться
3766,усеривать
3767,усериваться
3768,усера
3769,усирать
3770,усираться
3771,усрать
3772,усратьсяможный
3773,усраться
3774,усрачок
3775,уссать
3776,уссаться
3777,уссывать
3778,уссываться
3779,ухуякать
3780,ухуякаться
3781,ухуякивать
3782,ухуякиваться
3783,ухуяривать
3784,ухуяриваться
3785,ухуярить
3786,ухуяриться
3787,ухуячивать
3788,ухуячиваться
3789,ухуячить
3790,ухуячиться
3791,ухуяшивать
3792,ухуяшиваться
3793,ухуяшить
3794,ухуяшиться
3795,фабать
3796,факать
3797,фаллос
3798,фарья
3799,фачить
3800,фачиться
3801,фекалия
3802,фекать
3803,фигвам
3804,фига
3805,фигсный
3806,фуфлёнок
3807,фуфлёрша
3808,фуфть
3809,фуфлыжка
3810,хавырка
3811,хамлешек
3812,харево
3813,харекришничать
3814,харить
3815,хариться
3816,харка
3817,хезальник
3818,хезать
3819,хезник
3820,херакнуть
3821,херак
3822,херамиобложить
3823,херация
3824,херегознать
3825,хернить
3826,херовин
3827,херовничать
3828,херово
3829,херовыя
3830,хер
3831,херство
3832,хипа
3833,хитрожопый
3834,хитромудый
3835,хлебать
3836,хлебальник
3837,хотьбыхрен
3838,хохотунчик
3839,хренали
3840,хрен
3841,хреначить
3842,хренегознать
3843,хреновина
3844,хреновинка
3845,хреновний
3846,хреновый
3847,хренскембывать
3848,хрентеб
3849,хренушко
3850,хренцена
3851,худоебин
3852,хуебеня
3853,хуебратия
3854,хуева
3855,хуевато
3856,хуеватый
3857,хуй
3858,хуеглот
3859,хуегрызть
3860,хуедрыг
3861,хуелюбивать
3862,хуемудрие
3863,хуемырло
3864,хуемыслие
3865,хуенек
3866,хуеплёт
3867,хуерык
3868,хуесос
3869,хует
3870,хуетень
3871,хуец
3872,хуёвино
3873,хуёвинк
3874,хуёвничать
3875,хуёвый
3876,хуёвыя
3877,хуёз
3878,хуёк
3879,хуёмник
3880,хуё-мой
3881,хуёчек
3882,хуил
3883,хуиный
3884,хуистый
3885,хуишко
3886,хуище
3887,хуйло
3888,хуняться
3889,хуйнуть
3890,хуйнуться
3891,хуйнюспороть
3892,хуйня
3893,хулить
3894,ху
3895,хуюживать
3896,хуюживаться
3897,хуюжить
3898,хуюжиться
3899,хуюшка
3900,хуякать
3901,хуякаться
3902,хуякивать
3903,хуякиваться
3904,хуякнугь
3905,хуякнуться
3906,хуяк
3907,хуякс
3908,хуяривать
3909,хуяриваться
3910,хуярить
3911,хуяриться
3912,хуяслицо
3913,хуястый
3914,хуятизация
3915,хуяция
3916,хуячивать
3917,хуячиваться
3918,хуячий
3919,хуячить
3920,хуячиться
3921,хуяшивать
3922,хуяшиваться
3923,хуяшить
3924,хуяшиться
3925,цёлка
3926,цёлочка
3927,целочник
3928,цирковать
3929,черезжопа
3930,черножопый
3931,чернозадый
3932,чертыхан
3933,чипиздончик
3934,чирышка
3935,чичеряк
3936,чичиряк
3937,чмень
3938,чмызать
3939,чудильник
3940,чухануть
3941,чушкарий
3942,чушок
3943,шалавый
3944,шалашовка
3945,шанкр
3946,шахна
3947,шваб
3948,шваркнуть
3949,шворина
3950,шворить
3951,шворка
3952,шести-ести
3953,шерстянаякража
3954,шибздик
3955,шкворень
3956,шлюха
3957,шмайсер
3958,шмара
3959,шмаритя
3960,шмариться
3961,шмондить
3962,шмонка
3963,шпилить
3964,шпокнуть
3965,шулят
3966,щекотильник
3967,экскремент
3968,эрекция
3969,эсэс
3970,эшка
3971,эякуляция
3972,юлдак
3973,юлд
3974,ядрёный
3975,ядриеемать
3976,ядрить
3977,язвить
3978,ялдак
3979,ялд
3980,ялдометр
3981,ебанат
